Date,Region,Product,Salesperson,Customer Segment,Units Sold,Revenue,Profit,Customer Rating
2024-01-05,Central,BI Insights,James Chen,Mid-Market,40,5988.43,1404.53,4.2
2024-01-15,West,Data Pipeline,Marcus Lee,Mid-Market,28,10316.66,2674.38,4.0
2024-01-20,South,Analytics Suite,Priya Sharma,Enterprise,14,3838.44,1515.31,4.9
2024-01-23,Central,CRM Pro,Elena Rossi,Mid-Market,38,6666.72,1744.63,4.1
2024-01-24,West,BI Insights,Elena Rossi,Mid-Market,32,3911.18,1242.98,4.3
2024-01-28,North,Data Pipeline,Elena Rossi,Enterprise,4,1600.07,578.89,4.6
2024-02-07,North,Security Shield,James Chen,Mid-Market,27,7508.2,2557.11,4.6
2024-02-10,West,Analytics Suite,Omar Hassan,Enterprise,16,4761.7,1432.85,4.1
2024-02-13,West,Data Pipeline,Sophia Patel,Enterprise,39,12363.4,3802.29,4.4
2024-02-18,West,Cloud Storage,Daniel Kim,Enterprise,42,2239.06,936.83,3.4
2024-02-20,South,BI Insights,Omar Hassan,Startup,30,4046.69,591.81,3.9
2024-02-24,West,CRM Pro,Priya Sharma,Enterprise,23,3143.58,1080.5,4.8
2024-02-26,Central,Security Shield,Priya Sharma,Enterprise,26,6679.08,2476.24,5.0
2024-02-27,South,BI Insights,Elena Rossi,Mid-Market,39,4182.93,1095.61,5.0
2024-02-27,South,Analytics Suite,Daniel Kim,Mid-Market,19,3811.76,1048.06,4.1
2024-02-27,West,CRM Pro,Daniel Kim,SMB,16,3515.97,598.59,3.6
2024-02-28,North,Security Shield,Marcus Lee,SMB,43,11347.62,2538.48,3.5
2024-03-01,West,Analytics Suite,Sophia Patel,Startup,43,11067.83,1108.99,3.2
2024-03-03,North,CRM Pro,Marcus Lee,Mid-Market,40,6372.66,1516.85,4.2
2024-03-08,South,BI Insights,Omar Hassan,Mid-Market,39,6523.12,2145.27,4.6
2024-03-14,West,Data Pipeline,Elena Rossi,SMB,18,4569.75,1174.44,4.4
2024-03-16,North,Security Shield,Marcus Lee,SMB,29,7395.56,1755.27,3.7
2024-03-21,North,Security Shield,Omar Hassan,Enterprise,16,4760.71,1975.22,4.2
2024-03-22,North,Analytics Suite,Priya Sharma,SMB,33,9360.04,289.58,3.9
2024-03-24,Central,CRM Pro,Aisha Khan,Enterprise,30,3786.19,1303.04,4.3
2024-03-30,North,CRM Pro,Aisha Khan,Mid-Market,2,289.08,92.7,4.2
2024-03-30,West,Analytics Suite,Marcus Lee,SMB,26,6881.15,1361.28,3.7
2024-04-07,Central,BI Insights,Omar Hassan,Mid-Market,13,2311.61,574.28,4.3
2024-04-08,North,Data Pipeline,Omar Hassan,Mid-Market,25,6516.79,2231.35,4.3
2024-04-12,West,Cloud Storage,Daniel Kim,Mid-Market,18,1110.38,303.2,4.2
2024-04-13,West,Data Pipeline,Aisha Khan,Mid-Market,34,13945.68,4829.87,3.4
2024-04-15,North,BI Insights,Omar Hassan,Startup,23,4019.83,450.15,4.2
2024-04-16,South,Cloud Storage,Marcus Lee,Enterprise,20,1376.87,468.22,4.5
2024-04-16,North,Security Shield,Aisha Khan,Enterprise,25,4367.93,1361.18,4.6
2024-04-26,West,Security Shield,James Chen,Enterprise,43,7437.56,2113.58,4.2
2024-05-01,North,Security Shield,Elena Rossi,Mid-Market,5,1337.09,432.11,4.4
2024-05-04,East,BI Insights,Omar Hassan,Startup,19,3209.18,668.14,3.5
2024-05-07,Central,Data Pipeline,Elena Rossi,Startup,18,5830.81,1235.83,4.0
2024-05-08,South,BI Insights,Daniel Kim,Enterprise,13,1907.41,589.36,4.2
2024-05-17,South,Analytics Suite,Sophia Patel,Mid-Market,7,1583.59,468.77,4.4
2024-05-24,West,Analytics Suite,Aisha Khan,SMB,35,10392.47,2701.85,3.6
2024-05-25,Central,Security Shield,Priya Sharma,SMB,33,7570.2,1680.28,4.1
2024-05-29,Central,Data Pipeline,Priya Sharma,Enterprise,31,6786.77,2058.08,4.3
2024-06-01,Central,BI Insights,Elena Rossi,Enterprise,40,4754.64,1766.1,4.8
2024-06-02,Central,Analytics Suite,Omar Hassan,Mid-Market,12,2646.06,670.82,4.0
2024-06-05,Central,CRM Pro,James Chen,Enterprise,20,3902.98,1157.81,4.1
2024-06-25,South,Analytics Suite,Sophia Patel,SMB,14,3392.02,835.87,4.2
2024-06-25,West,Cloud Storage,Omar Hassan,SMB,6,321.8,52.59,3.4
2024-06-26,West,BI Insights,Omar Hassan,Enterprise,24,3478.81,1409.0,4.6
2024-06-28,North,CRM Pro,James Chen,Enterprise,18,3458.33,29.24,3.4
2024-07-03,East,CRM Pro,Priya Sharma,Mid-Market,23,3865.4,1079.76,4.2
2024-07-06,East,Cloud Storage,Daniel Kim,Startup,41,2594.8,261.18,3.1
2024-07-11,North,BI Insights,Aisha Khan,Enterprise,40,4776.97,1820.35,4.4
2024-07-13,Central,Analytics Suite,Omar Hassan,Enterprise,44,13392.33,5492.91,4.2
2024-07-18,East,Data Pipeline,Elena Rossi,Enterprise,11,4202.72,1295.92,3.5
2024-07-24,East,Cloud Storage,Elena Rossi,SMB,14,1242.09,199.35,4.7
2024-07-27,East,BI Insights,Omar Hassan,SMB,2,209.44,46.51,3.9
2024-07-29,East,BI Insights,Elena Rossi,Mid-Market,29,3843.97,1320.43,4.5
2024-08-01,North,Data Pipeline,James Chen,Mid-Market,43,14253.37,4976.72,4.5
2024-08-04,South,Data Pipeline,Priya Sharma,Startup,2,547.23,108.05,3.4
2024-08-06,North,Data Pipeline,Daniel Kim,SMB,28,9906.24,2588.6,4.7
2024-08-10,South,Data Pipeline,Omar Hassan,Enterprise,35,7016.86,2358.91,4.2
2024-08-14,West,CRM Pro,Marcus Lee,Enterprise,22,4231.63,1427.24,4.3
2024-08-19,East,BI Insights,Sophia Patel,Mid-Market,33,3647.06,1104.66,5.0
2024-08-20,North,CRM Pro,James Chen,SMB,4,930.1,148.2,4.2
2024-08-22,South,Security Shield,Aisha Khan,Startup,20,5096.42,985.05,4.5
2024-08-24,East,Security Shield,Marcus Lee,Enterprise,25,5702.39,1769.39,4.5
2024-08-24,South,Data Pipeline,Sophia Patel,Startup,17,5248.93,817.79,3.6
2024-08-31,Central,Analytics Suite,Omar Hassan,Mid-Market,15,3494.45,1118.92,4.5
2024-09-04,South,Data Pipeline,Daniel Kim,Mid-Market,1,238.89,80.9,4.1
2024-09-14,Central,BI Insights,Priya Sharma,Enterprise,5,896.3,44.01,3.7
2024-09-16,Central,Cloud Storage,Daniel Kim,SMB,9,638.42,99.09,3.8
2024-09-18,East,Cloud Storage,Priya Sharma,Startup,26,1506.27,224.5,3.7
2024-09-18,South,CRM Pro,Daniel Kim,SMB,16,2903.23,497.15,3.8
2024-09-19,Central,Analytics Suite,Elena Rossi,Mid-Market,11,2173.52,747.24,5.0
2024-09-24,North,BI Insights,Priya Sharma,SMB,25,2950.81,496.18,3.1
2024-10-03,East,CRM Pro,Sophia Patel,Startup,29,6250.51,1009.63,4.1
2024-10-04,Central,BI Insights,Elena Rossi,Enterprise,10,1690.89,561.76,4.4
2024-10-05,Central,BI Insights,Daniel Kim,SMB,11,1013.0,204.63,4.3
2024-10-06,East,Security Shield,James Chen,Enterprise,33,7133.33,2903.21,4.6
2024-10-06,Central,Analytics Suite,Daniel Kim,SMB,18,4693.69,1195.97,3.7
2024-10-07,West,BI Insights,James Chen,Enterprise,34,3916.78,1404.96,4.3
2024-10-07,South,CRM Pro,James Chen,Startup,6,770.23,137.43,3.9
2024-10-10,North,Security Shield,Priya Sharma,SMB,13,2643.99,624.7,4.0
2024-10-11,West,Cloud Storage,Marcus Lee,Startup,38,3601.05,465.37,3.6
2024-10-12,North,BI Insights,Elena Rossi,SMB,11,1729.74,453.78,4.6
2024-10-14,Central,Data Pipeline,James Chen,Startup,20,7675.17,1186.08,4.4
2024-10-14,East,Analytics Suite,Omar Hassan,Startup,37,9745.8,1245.06,3.7
2024-10-20,South,Security Shield,Sophia Patel,Enterprise,38,5637.22,2093.19,4.5
2024-10-22,North,CRM Pro,Omar Hassan,Enterprise,41,7253.02,356.4,3.3
2024-10-22,North,CRM Pro,Daniel Kim,Mid-Market,43,9427.41,3270.05,3.9
2024-10-25,South,Analytics Suite,Sophia Patel,Enterprise,35,8648.83,2539.1,3.9
2024-10-27,East,BI Insights,James Chen,Mid-Market,3,396.57,95.13,3.6
2024-10-28,South,Cloud Storage,Marcus Lee,Mid-Market,19,1051.84,339.08,4.1
2024-10-28,Central,Security Shield,Aisha Khan,SMB,40,8945.39,1982.46,4.6
2024-10-30,East,Security Shield,Omar Hassan,Mid-Market,32,7820.91,2189.41,3.7
2024-11-12,North,CRM Pro,Marcus Lee,Startup,17,3189.53,558.55,3.7
2024-11-13,Central,Analytics Suite,Aisha Khan,Enterprise,16,5068.91,1587.03,4.2
2024-11-14,West,Data Pipeline,Elena Rossi,Enterprise,29,9661.37,2928.78,4.2
2024-11-15,North,BI Insights,Marcus Lee,SMB,29,3837.9,981.39,4.3
2024-11-16,South,Analytics Suite,Sophia Patel,Mid-Market,24,4436.71,1020.74,3.7
2024-11-18,North,Security Shield,James Chen,Mid-Market,5,1379.3,389.83,3.3
2024-11-19,South,BI Insights,Daniel Kim,Mid-Market,40,3963.56,1315.52,4.3
2024-11-23,North,BI Insights,James Chen,Enterprise,23,2482.92,910.79,4.9
2024-12-02,South,Cloud Storage,Sophia Patel,SMB,28,1076.86,232.67,3.4
2024-12-14,East,Analytics Suite,Elena Rossi,Enterprise,7,1869.36,594.92,3.9
2024-12-15,West,Analytics Suite,Sophia Patel,Startup,10,2505.33,372.25,3.7
2024-12-19,South,Analytics Suite,Marcus Lee,SMB,32,6370.35,1518.3,3.7
2024-12-20,West,Analytics Suite,Marcus Lee,SMB,33,8507.2,199.78,3.4
2024-12-21,North,BI Insights,Omar Hassan,Enterprise,35,3581.65,1003.12,4.1
2024-12-21,Central,BI Insights,Marcus Lee,Mid-Market,6,860.91,287.68,3.5
2024-12-23,Central,Cloud Storage,Sophia Patel,SMB,36,2988.51,572.75,3.6
2024-12-26,North,Data Pipeline,Elena Rossi,SMB,1,408.78,101.15,4.0
2024-12-27,South,Cloud Storage,Aisha Khan,Mid-Market,9,458.0,125.69,3.6
2024-12-27,East,Data Pipeline,Omar Hassan,SMB,20,7742.17,1221.2,4.4
2024-12-29,West,Analytics Suite,Sophia Patel,Enterprise,14,4455.68,1305.45,4.7
2025-01-02,North,BI Insights,Marcus Lee,SMB,30,2919.11,518.42,3.9
2025-01-20,Central,CRM Pro,Omar Hassan,Mid-Market,29,3814.45,1146.41,4.7
2025-01-22,South,Cloud Storage,Omar Hassan,Mid-Market,44,2699.02,741.77,3.7
2025-02-06,East,CRM Pro,James Chen,Enterprise,17,2073.6,675.41,4.2
2025-02-06,North,BI Insights,Marcus Lee,Mid-Market,24,3518.31,973.75,3.7
2025-02-07,West,CRM Pro,Daniel Kim,SMB,2,382.31,62.55,3.5
2025-02-09,East,BI Insights,Omar Hassan,Mid-Market,16,1687.62,566.59,4.7
2025-02-10,South,BI Insights,Aisha Khan,Mid-Market,24,2089.17,550.91,4.6
2025-02-15,South,Cloud Storage,James Chen,SMB,43,1947.84,467.68,4.1
2025-02-22,East,Cloud Storage,Omar Hassan,SMB,44,2807.77,784.24,4.0
2025-02-22,West,Cloud Storage,Sophia Patel,Enterprise,25,1378.08,512.44,4.0
2025-02-26,Central,Data Pipeline,Marcus Lee,Enterprise,22,5106.59,1983.84,4.6
2025-02-28,East,Cloud Storage,Elena Rossi,SMB,11,693.66,142.35,4.1
2025-02-28,Central,Analytics Suite,Elena Rossi,Enterprise,3,667.59,-8.24,2.6
2025-03-03,North,Analytics Suite,Daniel Kim,Mid-Market,13,4247.27,1473.07,3.9
2025-03-04,North,Analytics Suite,Daniel Kim,Mid-Market,39,11473.46,2975.33,4.7
2025-03-09,West,Data Pipeline,Daniel Kim,Enterprise,15,4931.32,1704.16,4.5
2025-03-12,East,Analytics Suite,Priya Sharma,SMB,36,8564.38,1785.52,4.3
2025-03-12,East,CRM Pro,Elena Rossi,SMB,30,4256.57,1090.05,3.9
2025-03-12,West,Security Shield,Aisha Khan,Startup,14,2637.34,297.7,3.7
2025-03-14,East,Data Pipeline,Elena Rossi,Enterprise,34,11099.52,3718.45,4.0
2025-03-20,South,Analytics Suite,Aisha Khan,Mid-Market,40,7252.45,1779.51,4.1
2025-03-21,Central,Analytics Suite,Elena Rossi,SMB,32,5988.3,985.12,4.1
2025-03-21,Central,Analytics Suite,Sophia Patel,Startup,40,12600.49,1402.62,3.9
2025-03-23,North,Analytics Suite,Sophia Patel,SMB,43,14129.83,2844.36,5.0
2025-03-23,Central,Cloud Storage,Sophia Patel,Mid-Market,3,249.09,62.79,4.1
2025-03-26,North,Cloud Storage,Marcus Lee,Enterprise,38,2496.6,811.44,4.2
2025-04-03,West,Analytics Suite,Omar Hassan,Enterprise,4,1056.27,400.98,4.7
2025-04-03,West,BI Insights,Marcus Lee,Startup,43,4710.14,920.81,3.9
2025-04-06,South,Analytics Suite,Omar Hassan,SMB,19,5757.01,1096.05,4.0
2025-04-15,West,Cloud Storage,Sophia Patel,Enterprise,21,1272.9,399.63,4.0
2025-04-20,North,BI Insights,Aisha Khan,SMB,24,2567.0,473.33,3.6
2025-04-20,North,Analytics Suite,Omar Hassan,Enterprise,41,9510.32,2988.82,4.0
2025-04-29,East,Cloud Storage,Daniel Kim,Enterprise,35,1440.5,600.82,5.0
2025-04-30,North,BI Insights,Marcus Lee,Enterprise,11,1187.55,374.48,4.3
2025-05-01,East,Analytics Suite,Marcus Lee,Startup,39,8266.26,1154.7,3.3
2025-05-03,North,Analytics Suite,Aisha Khan,Startup,4,967.96,162.32,4.0
2025-05-05,East,Security Shield,Marcus Lee,Mid-Market,5,1369.4,409.87,4.2
2025-05-08,East,Cloud Storage,Aisha Khan,Mid-Market,20,1367.45,371.45,4.5
2025-05-09,Central,Security Shield,Sophia Patel,Startup,22,4905.86,956.82,4.2
2025-05-12,North,Cloud Storage,Sophia Patel,SMB,44,3044.82,836.45,3.5
2025-05-13,South,Data Pipeline,Aisha Khan,Mid-Market,12,2523.34,793.89,4.7
2025-05-13,West,Security Shield,Elena Rossi,SMB,16,2807.87,477.22,3.4
2025-05-14,West,CRM Pro,Elena Rossi,SMB,19,3113.2,827.18,4.1
2025-05-15,West,BI Insights,Omar Hassan,Mid-Market,17,2655.76,730.99,4.0
2025-05-17,South,Security Shield,Omar Hassan,Enterprise,6,967.49,-53.71,3.3
2025-05-17,North,CRM Pro,Elena Rossi,SMB,30,6002.71,1674.55,4.2
2025-05-22,East,Data Pipeline,James Chen,Enterprise,24,6515.37,2065.85,4.1
2025-05-23,South,Security Shield,Daniel Kim,Mid-Market,17,2554.31,675.65,4.9
2025-05-24,East,Cloud Storage,James Chen,Mid-Market,27,1651.72,481.95,4.5
2025-05-29,South,BI Insights,Sophia Patel,SMB,38,4740.75,1287.93,3.8
2025-05-29,North,BI Insights,James Chen,Startup,31,3429.01,668.28,3.9
2025-06-04,East,Cloud Storage,Sophia Patel,SMB,1,44.84,12.25,4.3
2025-06-09,East,Security Shield,Priya Sharma,SMB,44,7325.93,1953.45,4.1
2025-06-09,North,Data Pipeline,Priya Sharma,SMB,33,8657.23,1931.84,3.9
2025-06-12,East,BI Insights,Priya Sharma,Mid-Market,6,793.69,250.29,4.3
2025-06-15,East,Data Pipeline,Sophia Patel,Mid-Market,28,7394.75,2565.21,4.2
2025-06-16,East,Security Shield,Daniel Kim,Mid-Market,36,5829.27,1788.27,4.5
2025-06-16,South,Analytics Suite,Elena Rossi,SMB,34,10438.45,1827.11,4.3
2025-06-20,East,Cloud Storage,Aisha Khan,Enterprise,36,1732.94,672.75,4.6
2025-06-21,Central,Security Shield,Daniel Kim,SMB,20,4415.83,943.56,3.7
2025-06-29,South,Analytics Suite,Priya Sharma,Mid-Market,44,10270.51,3017.8,4.3
2025-06-30,Central,Cloud Storage,Sophia Patel,Enterprise,39,1611.83,462.47,3.5
2025-06-30,East,Security Shield,Daniel Kim,Mid-Market,3,470.5,161.34,4.5
2025-07-02,South,Data Pipeline,Elena Rossi,Startup,40,15051.07,1691.14,2.8
2025-07-02,West,Data Pipeline,James Chen,Enterprise,1,259.1,103.71,4.2
2025-07-21,East,CRM Pro,James Chen,Enterprise,29,4663.09,1367.08,4.1
2025-07-24,East,BI Insights,Elena Rossi,SMB,21,3555.16,661.81,3.4
2025-07-27,East,Cloud Storage,Aisha Khan,SMB,42,3734.23,921.79,4.1
2025-07-29,South,BI Insights,Priya Sharma,Startup,23,2894.17,423.59,3.7
2025-08-01,East,Analytics Suite,Elena Rossi,SMB,3,552.62,91.44,4.1
2025-08-09,South,Security Shield,Aisha Khan,Enterprise,22,3240.85,1244.76,3.8
2025-08-12,West,Security Shield,James Chen,Mid-Market,12,3378.33,1127.33,4.6
2025-08-15,South,Data Pipeline,Marcus Lee,Enterprise,29,6489.44,2475.89,5.0
2025-08-22,North,Analytics Suite,Daniel Kim,Mid-Market,44,14745.26,-877.67,2.3
2025-08-23,South,Cloud Storage,Omar Hassan,Mid-Market,33,2437.0,663.86,4.4
2025-09-05,West,Cloud Storage,Marcus Lee,Enterprise,10,685.26,277.91,4.5
2025-09-06,South,Data Pipeline,Marcus Lee,SMB,14,3923.7,698.47,3.9
2025-09-10,Central,CRM Pro,James Chen,Mid-Market,37,6400.06,1854.44,4.2
2025-09-12,North,Data Pipeline,Priya Sharma,SMB,44,10750.06,1840.12,3.1
2025-09-15,West,Cloud Storage,Marcus Lee,SMB,35,2327.21,585.24,4.0
2025-09-19,West,Security Shield,Sophia Patel,Startup,24,5568.22,886.69,3.8
2025-09-26,Central,Security Shield,Sophia Patel,Enterprise,9,2434.32,999.51,4.1
2025-09-28,Central,Data Pipeline,James Chen,Enterprise,4,894.72,350.07,4.7
